"agb_Mgha_bins","n_pre","n_post","agb_Mgha_pre","agb_Mgha_post"
"(0,20]",15,12,4.02473333333333,5.33666666666667
"(20,40]",16,14,32.095,31.7892857142857
"(40,60]",19,18,51.6489473684211,49.975
"(60,80]",17,21,65.6605882352941,67.0547619047619
"(80,100]",6,6,88.1866666666667,86.1133333333333
"(100,120]",1,2,117.16,101.45
"(120,140]",1,2,131.74,127.85
